{"adelaide": {"1": 0.0, "2": 0.001293005099653715, "3": 0.002932922937889802, "4": 0.007852690059484286, "5": 0.01424485558626015, "6": 0.021087516145034343, "7": 0.031010483781323164, "8": 0.0315879601038592, "9": 0.03883199245869639, "10": 0.024825595007613964, "11": 0.0577482597276067, "12": 0.085879291718581, "13": 0.11998764084637488, "15": 0.048713383995581644, "21": 0.00045554967472853473}, "antofagasta": {"1": 0.0, "2": 0.01534384162689384, "3": 0.028224100166458273, "4": 0.03302853893828834, "5": 0.04307595413489704, "6": 0.04523845589103385, "7": 0.03302779696156228, "8": 0.040966950888016475, "9": 0.017305474427170793, "10": 0.032974072295876504}, "athens": {"1": 0.0, "2": 0.002721274917842337, "3": 0.006544123689337085, "4": 0.01337157811531036, "5": 0.02578341062421841, "6": 0.03299833768079278, "7": 0.04220619020586661, "8": 0.03224071413049355, "9": 0.037424854410650764, "10": 0.06401646872513034, "11": 0.09091355980969949}, "belfast": {"1": 0.0, "2": 0.008058155743071971, "3": 0.01951981423817515, "4": 0.043027505661708265, "5": 0.0666761611155342, "6": 0.12022997981938231, "7": 0.16433641434831997, "9": 0.2655539318766659}, "berlin": {"1": 0.0, "2": 0.0008069683920744866, "3": 0.0016211310378325039, "4": 0.004058625031758688, "5": 0.006098399766000346, "6": 0.006666698087127432, "7": 0.014163891546280678, "8": 0.027721084200523546, "9": 0.030022178013559993, "10": 0.039084139538583, "11": 0.0693722664767324, "12": 0.064775346671253, "13": 0.001615301796953333, "14": 0.15557368954652587, "15": 0.15493672951822926, "16": 0.10205731196047911, "20": 0.07560669374904098, "21": 0.077809304547947}, "bordeaux": {"1": 0.0, "2": 0.005675074190521547, "3": 0.013215585222203733, "4": 0.018666615861930913, "5": 0.02242221518858603, "6": 0.03967608083801829, "7": 0.09354922484745701, "12": 0.10257199259984924}, "brisbane": {"1": 0.0, "2": 0.0020942021042753604, "3": 0.003868967945294537, "4": 0.006016449909508641, "5": 0.010100206615621655, "6": 0.010901070016185503, "7": 0.019977121533141694, "8": 0.03314308167555218, "9": 0.06737192808837775, "10": 0.03930248275642711, "11": 0.051525188165514796, "12": 0.026949800609793538, "13": 0.0794162073089242, "14": 0.08379089193381994, "15": 0.08131126407821765, "16": 0.11651848570160596, "18": 0.0890604266036266, "25": 0.14535953147207104, "28": 0.024763747158974645}, "canberra": {"1": 0.0, "2": 0.0030472344593198016, "3": 0.011033564148641276, "4": 0.018386954215083757, "5": 0.03349729030899814, "6": 0.03985107157582851, "7": 0.022273498022832013, "8": 0.041341792240944475, "9": 0.05978709057151112, "10": 0.11527688490985567, "12": 0.004033776835433565}, "detroit": {"1": 0.0, "2": 0.010931890352014638, "3": 0.022682826928939345, "4": 0.046214006434778986, "5": 0.05339067892212527, "6": 0.024171700610207035, "7": 0.04909564297897472, "8": 0.028020607532964058, "9": 0.20785319520513035, "10": 0.22040687512923104, "11": 0.20085816135800832}, "dublin": {"1": 0.0, "2": 0.0027478810202945358, "3": 0.006389603094542318, "4": 0.013562816318481644, "5": 0.021970745669896045, "6": 0.02560587264037864, "7": 0.0479366548382412, "8": 0.0734973314662424, "9": 0.044112361796794695, "11": 0.08520065834873615, "12": 0.2710530325613865, "14": 0.00022458520467890993}, "grenoble": {"1": 0.0, "2": 0.009088685290194479, "3": 0.02283671426534858, "4": 0.041713292862441256, "5": 0.024920839607953462, "6": 0.13457722541207814}, "helsinki": {"1": 0.0, "2": 0.0019069607704297294, "3": 0.003870444193708858, "4": 0.0068363899105103616, "5": 0.010341804720161498, "6": 0.011130753082715683, "7": 0.023403626282530097, "8": 0.02294195191884901, "9": 0.04644876088041735, "10": 0.050719535063946004, "11": 0.03807852118146622, "12": 0.02271741716217425}, "kuopio": {"1": 0.0, "2": 0.009782370132311707, "3": 0.018773902468210323, "4": 0.03406921797122313, "5": 0.03577360137712635, "6": 0.03122793574891778, "7": 0.06852726372420283, "9": 0.22957150870167206, "12": 0.32191589307968, "15": 0.45148019199093814}, "lisbon": {"1": 0.0, "2": 0.0008441093113390763, "3": 0.001484565801320734, "4": 0.0019017738002831159, "5": 0.0031956632950910268, "6": 0.003089632481115681, "7": 0.004146055644050241, "8": 0.005478820375834841, "9": 0.02071028764854596, "10": 0.016840641998464797, "11": 0.0051516863000471355, "12": 0.012257042984861691, "13": 0.021456097456043672, "14": 0.0014592641624135345}, "luxembourg": {"1": 0.0, "2": 0.0029716358442656798, "3": 0.005746119038520031, "4": 0.010377307135716777, "5": 0.012708682974937026, "6": 0.024492341576534613, "7": 0.04419740923106474, "8": 0.05172148597016345, "9": 0.06353723532879343, "10": 0.1342688226405931, "11": 0.15268731648435116, "12": 0.07347081960894362, "13": 0.0643135574727856, "17": 0.17729875010668972, "20": 0.4778498491031981, "22": 0.1136247046973957}, "melbourne": {"1": 0.0, "2": 0.0027276045211021304, "3": 0.006792527068933638, "4": 0.01029484670268074, "5": 0.012548062483349293, "6": 0.025297442041413945, "7": 0.015451517628020262, "8": 0.03022839542411259, "9": 0.008937192888047878, "10": 0.01570898734931441, "11": 0.020535792458887592, "12": 0.06964984937433981, "13": 0.28622606379541754, "15": 0.019572856482336955}, "nantes": {"1": 0.0, "2": 0.006958213582791354, "3": 0.01816943337800203, "4": 0.027000759318115474, "5": 0.032631951767482424, "6": 0.03837809291654865, "7": 0.09228296995772196}, "palermo": {"2": 0.009760921728113669, "3": 0.01937279209529181, "4": 0.03127702715065301, "5": 0.04850514362421575, "6": 0.059925675332161026, "8": 0.05884000558025322, "9": 0.0378019945984511, "14": 0.028200817284756166, "16": 0.15271703459261596}, "paris": {"1": 0.0, "2": 0.0022345100725352685, "3": 0.005689426882830023, "4": 0.007063011332462275, "5": 0.009048053987144316, "6": 0.015300277774097292, "7": 0.011906100695555881, "8": 0.006549665718183273, "9": 0.025062784059725087, "10": 9.938494174277095e-05}, "prague": {"1": 0.0, "2": 0.002024107111973554, "3": 0.004319339140548512, "4": 0.008787801726327678, "5": 0.016696588805858264, "6": 0.011921390493971073, "7": 0.021405862929240266, "8": 0.028876975831957388, "9": 0.04975529725462885, "10": 0.009009894290298897, "11": 0.09564917281822527, "14": 0.10258164959625748}, "rennes": {"1": 0.0, "2": 0.007319027789001889, "3": 0.01940738722064888, "4": 0.03225231619286153, "5": 0.0394298848249966, "6": 0.07379024069463129, "7": 0.08244329078067446, "10": 0.09387685650505342}, "rome": {"1": 0.0, "2": 0.0018942993939934324, "3": 0.0047393917194021975, "4": 0.008639845767952762, "5": 0.016265987413881244, "6": 0.021499220685007352, "7": 0.03030481621206184, "8": 0.028995377472307782, "9": 0.015827126079754925, "10": 0.018087130668698142, "11": 0.03300740369841237, "12": 0.010154305075295227, "14": 0.061031679964473735}, "sydney": {"1": 0.0, "2": 0.0006581989377984344, "3": 0.001359854287166017, "4": 0.004274566448939, "5": 0.006579800229008547, "6": 0.009897920934025464, "7": 0.017439741469422298, "8": 0.018630990289142925, "9": 0.01619909825858635, "10": 0.026260807716352867, "11": 0.07659111270233865, "12": 0.07711006329678687, "13": 0.004337656683012825, "14": 5.3392112951701824e-05, "15": 7.661531313315242e-05, "17": 5.64295600188939e-05, "20": 9.612760046592878e-05}, "toulouse": {"1": 0.0, "2": 0.00937194686495916, "3": 0.021806459729243846, "4": 0.027180942027769887, "5": 0.02672512126400652, "6": 0.060791703525771144, "7": 0.10823014359280092, "8": 0.05888436139347031}, "turku": {"1": 0.0, "2": 0.007848201266543108, "3": 0.015167694996630647, "4": 0.02075885087806378, "5": 0.034966702429343834, "6": 0.03806629202042909, "7": 0.08257269646778906, "8": 0.027862873930015776, "9": 0.02370134307325924, "10": 0.1187712212385482, "11": 0.07296940411799872, "12": 0.07527533204412495}, "venice": {"1": 0.0, "2": 0.005233672486426448, "3": 0.007163461144450842, "4": 0.011051378370799338, "5": 0.017661916788133808, "6": 0.023631995666992558, "7": 0.03805046977246515, "8": 0.04354428225039991, "9": 0.038037412114941924, "10": 0.0007651543104143496,