{"adelaide": {"#nodes": 7548, "#edges": 9234, "density": 0.0003242004582622982, "diameter": 89, "avg_cc": 0.022585472585472596}, "antofagasta": {"#nodes": 650, "#edges": 963, "density": 0.004565603887637786, "diameter": 51, "avg_cc": 0.08544322344322348}, "athens": {"#nodes": 6768, "#edges": 7978, "density": 0.0003483914602956009, "diameter": 131, "avg_cc": 0.013855308403180748}, "belfast": {"#nodes": 1917, "#edges": 2180, "density": 0.001187049615406815, "diameter": 64, "avg_cc": 0.009547821910889204}, "berlin": {"#nodes": 4601, "#edges": 6600, "density": 0.0006236829422715289, "diameter": 46, "avg_cc": 0.12395691832999457}, "bordeaux": {"#nodes": 3435, "#edges": 4026, "density": 0.0006826164250126528, "diameter": 98, "avg_cc": 0.01131224912884302}, "brisbane": {"#nodes": 9645, "#edges": 11681, "density": 0.00025116006449616725, "diameter": 164, "avg_cc": 0.031105665014365014}, "canberra": {"#nodes": 2764, "#edges": 3206, "density": 0.000839604176127272, "diameter": 51, "avg_cc": 0.015972417998467194}, "detroit": {"#nodes": 5683, "#edges": 5946, "density": 0.00036827820278007305, "diameter": 206, "avg_cc": 0.010356131638904828}, "dublin": {"#nodes": 4571, "#edges": 5537, "density": 0.0005301235502863404, "diameter": 81, "avg_cc": 0.039539820397400796}, "grenoble": {"#nodes": 1547, "#edges": 1679, "density": 0.0014040445514458147, "diameter": 82, "avg_cc": 0.0032751562163326866}, "helsinki": {"#nodes": 6986, "#edges": 9022, "density": 0.00036977523919912636, "diameter": 74, "avg_cc": 0.021385370204436878}, "kuopio": {"#nodes": 549, "#edges": 699, "density": 0.004646803079254916, "diameter": 29, "avg_cc": 0.01564762903560718}, "lisbon": {"#nodes": 7073, "#edges": 8817, "density": 0.0003525371801375827, "diameter": 101, "avg_cc": 0.014081076565170995}, "luxembourg": {"#nodes": 1367, "#edges": 1903, "density": 0.0020382130130743386, "diameter": 34, "avg_cc": 0.10064952993622121}, "melbourne": {"#nodes": 19493, "#edges": 21434, "density": 0.00011282312806538844, "diameter": 254, "avg_cc": 0.009103452336920751}, "nantes": {"#nodes": 2353, "#edges": 2743, "density": 0.0009912804900965911, "diameter": 82, "avg_cc": 0.017062311537449665}, "palermo": {"#nodes": 2176, "#edges": 2559, "density": 0.001081389452332657, "diameter": 90, "avg_cc": 0.008670609670150112}, "paris": {"#nodes": 11950, "#edges": 13726, "density": 0.00019225361902450828, "diameter": 159, "avg_cc": 0.009693099555024244}, "prague": {"#nodes": 5147, "#edges": 6714, "density": 0.0005069759788982009, "diameter": 67, "avg_cc": 0.031043099335308407}, "rennes": {"#nodes": 1407, "#edges": 1670, "density": 0.001688367752782521, "diameter": 57, "avg_cc": 0.018088694847756676}, "rome": {"#nodes": 7869, "#edges": 10068, "density": 0.0003252290315947018, "diameter": 100, "avg_cc": 0.02631913066529915}, "sydney": {"#nodes": 24063, "#edges": 28695, "density": 9.911850231974082e-05, "diameter": 115, "avg_cc": 0.02879165711976307}, "toulouse": {"#nodes": 3329, "#edges": 3734, "density": 0.0006740734108186797, "diameter": 111, "avg_cc": 0.005657354560929208}, "turku": {"#nodes": 1850, "#edges": 2335, "density": 0.0013652376010407378, "diameter": 67, "avg_cc": 0.015277524277524279}, "venice": {"#nodes": 1874, "#edges": 2647, "density": 0.0015082612488539892, "diameter": 61, "avg_cc": 0.060133705430515924}, "winnipeg": {"#nodes": 5079, "#edges": 5846, "density": 0.00045333358768402914, "diameter": 84, "avg_cc": 0.010360275894829947}}