{"adelaide": [30.86124264859487, 17.896633074478544, 16.955681919496737, 9.673636926490657], "antofagasta": [7.224639708873314, 4.899474199389264, 5.807569641639005, 4.193312093997852], "athens": [23.924527011834318, 15.956390536338718, 12.362416808125593, 6.775263385813034], "belfast": [10.743195437762143, 5.227246809064312, 6.047450501117834, 3.3695068900922163], "berlin": [39.56336654992017, 18.669055825130666, 22.63434291041636, 11.084453107613694], "bordeaux": [15.13336729066964, 7.818157117468994, 9.890564384995493, 5.338996604923749], "brisbane": [36.08340207314855, 19.61750988989818, 22.44723828083378, 12.555368440918441], "canberra": [21.204002260028513, 11.205239766815113, 12.31538064425332, 7.172392153706429], "detroit": [22.73636534301398, 9.916075979602438, 11.064506642929983, 5.844535431566503], "dublin": [18.063697015741965, 9.303781892341439, 10.355505176898815, 5.5584047762357205], "grenoble": [15.171118364685336, 7.79569779167749, 8.635958901733568, 5.059232200486876], "helsinki": [26.17332212055934, 14.24698560592723, 16.69561856452148, 9.959664857448695], "kuopio": [10.498748613829031, 5.006252422993538, 5.549713543192928, 3.2233944053181696], "lisbon": [45.15622389603671, 33.637413788455525, 15.163099883612466, 7.899467453224772], "luxembourg": [28.634428819139277, 14.890031455516768, 15.591868720782232, 8.193012661341111], "melbourne": [52.507660108846686, 26.211415779188535, 26.060419707928816, 14.334641838823106], "nantes": [17.909995381775868, 8.630767929824502, 9.751267609645101, 5.261738793684836], "palermo": [8.182171286523399, 4.028692734087591, 6.063628454573279, 3.38858197946141], "paris": [20.10511465888923, 9.99924390307983, 13.04062553829824, 6.645824737052316], "prague": [28.645467262908042, 15.848290797322386, 17.261895429123186, 9.775788738596388], "rennes": [13.351514149674255, 7.968319778997192, 9.041174964847086, 5.736218408143769], "rome": [16.355877391605116, 7.859083484781128, 11.515979136599192, 5.908522968942238], "sydney": [42.43859949518722, 19.89495460900279, 25.390890172849982, 14.122309952823313], "toulouse": [18.09005645838136, 7.911444984596944, 10.815694846621323, 5.558171663311939], "turku": [9.765245376582481, 5.446558101495145, 6.407420679588351, 3.4132146855632794], "venice": [17.09549811778856, 8.83706316745052, 11.501326287494399, 6.062259441543605], "winnipeg": [13.02524410900999, 5.552043901211726, 8.32911997905155, 4.1265157883565795]}