{"94": 0, "93": 0.4255565487613649, "95": 0.8106028754587126, "92": 1.0737372989736484, "96": 1.9582758342580493}